category_slug,category_hindi,hindi_name,english_name,pack,price_rs,kind,file_name
fal-sabzi,फल-सब्ज़ी,आलू,Aloo (Potato),1 kg,25,सामान,aloo-potato.jpg
fal-sabzi,फल-सब्ज़ी,प्याज़,Pyaz (Onion),1 kg,38,सामान,pyaz-onion.jpg
fal-sabzi,फल-सब्ज़ी,टमाटर,Tamatar (Tomato),1 kg,32,सामान,tamatar-tomato.jpg
fal-sabzi,फल-सब्ज़ी,अदरक,Adrak (Ginger),250 g,35,सामान,adrak-ginger.jpg
fal-sabzi,फल-सब्ज़ी,अमरूद,Amrood (Guava),1 kg,60,सामान,amrood-guava.jpg
fal-sabzi,फल-सब्ज़ी,अनार,Anar (Pomegranate),1 kg,160,सामान,anar-pomegranate.jpg
fal-sabzi,फल-सब्ज़ी,अंगूर,Angoor (Grapes),500 g,100,सामान,angoor-grapes.jpg
fal-sabzi,फल-सब्ज़ी,बैंगन,Baingan (Brinjal),500 g,32,सामान,baingan-brinjal.jpg
fal-sabzi,फल-सब्ज़ी,बथुआ,Bathua,1 bundle,15,सामान,bathua.jpg
fal-sabzi,फल-सब्ज़ी,भिंडी,Bhindi (Lady Finger),500 g,48,सामान,bhindi-lady-finger.jpg
fal-sabzi,फल-सब्ज़ी,चीकू,Chikoo (Sapota),1 kg,70,सामान,chikoo-sapota.jpg
fal-sabzi,फल-सब्ज़ी,धनिया,Dhaniya (Coriander),1 bundle,10,सामान,dhaniya-coriander.jpg
fal-sabzi,फल-सब्ज़ी,गाजर,Gajar (Carrot),1 kg,40,सामान,gajar-carrot.jpg
fal-sabzi,फल-सब्ज़ी,फूल गोभी,Gobhi (Cauliflower),1 piece,35,सामान,gobhi-cauliflower.jpg
fal-sabzi,फल-सब्ज़ी,हरा प्याज़,Hara Pyaz (Spring Onion),1 bundle,15,सामान,hara-pyaz-spring-onion.jpg
fal-sabzi,फल-सब्ज़ी,हरी मिर्च,Hari Mirch (Green Chilli),250 g,15,सामान,hari-mirch-green-chilli.jpg
fal-sabzi,फल-सब्ज़ी,कद्दू,Kaddu (Pumpkin),1 kg,25,सामान,kaddu-pumpkin.jpg
fal-sabzi,फल-सब्ज़ी,करेला,Karela (Bitter Gourd),500 g,28,सामान,karela-bitter-gourd.jpg
fal-sabzi,फल-सब्ज़ी,केला,Kela (Banana),1 dozen,50,सामान,kela-banana.jpg
fal-sabzi,फल-सब्ज़ी,खीरा,Kheera (Cucumber),1 kg,30,सामान,kheera-cucumber.jpg
fal-sabzi,फल-सब्ज़ी,लहसुन,Lahsun (Garlic),250 g,50,सामान,lahsun-garlic.jpg
fal-sabzi,फल-सब्ज़ी,लौकी,Lauki (Bottle Gourd),1 piece,24,सामान,lauki-bottle-gourd.jpg
fal-sabzi,फल-सब्ज़ी,मौसंबी,Mausambi (Sweet Lime),1 kg,75,सामान,mausambi-sweet-lime.jpg
fal-sabzi,फल-सब्ज़ी,मेथी,Methi (Fenugreek),1 bundle,15,सामान,methi-fenugreek.jpg
fal-sabzi,फल-सब्ज़ी,मूली,Mooli (Radish),1 kg,25,सामान,mooli-radish.jpg
fal-sabzi,फल-सब्ज़ी,नारियल,Nariyal (Coconut),1 piece,45,सामान,nariyal-coconut.jpg
fal-sabzi,फल-सब्ज़ी,नाशपाती,Nashpati (Pear),1 kg,100,सामान,nashpati-pear.jpg
fal-sabzi,फल-सब्ज़ी,नींबू,Nimbu (Lemon),6 piece,25,सामान,nimbu-lemon.jpg
fal-sabzi,फल-सब्ज़ी,पालक,Palak (Spinach),1 bundle,15,सामान,palak-spinach.jpg
fal-sabzi,फल-सब्ज़ी,पपीता,Papita (Papaya),1 kg,40,सामान,papita-papaya.jpg
fal-sabzi,फल-सब्ज़ी,पत्ता गोभी,Patta Gobhi (Cabbage),1 piece,25,सामान,patta-gobhi-cabbage.jpg
fal-sabzi,फल-सब्ज़ी,पुदीना,Pudina (Mint),1 bundle,10,सामान,pudina-mint.jpg
fal-sabzi,फल-सब्ज़ी,संतरा,Santra (Orange),1 kg,80,सामान,santra-orange.jpg
fal-sabzi,फल-सब्ज़ी,सरसों का साग,Sarson Saag,1 bundle,20,सामान,sarson-saag.jpg
fal-sabzi,फल-सब्ज़ी,सेब,Seb (Apple),1 kg,140,सामान,seb-apple.jpg
fal-sabzi,फल-सब्ज़ी,तरबूज़,Tarbooz (Watermelon),1 kg,25,सामान,tarbooz-watermelon.jpg
kirana,किराना,आशीर्वाद आटा,Aashirvaad Atta,5 kg,265,सामान,aashirvaad-atta.jpg
kirana,किराना,अरहर दाल,Arhar Dal (Toor),1 kg,165,सामान,arhar-dal-toor.jpg
kirana,किराना,आलू भुजिया,Aloo Bhujia,200 g,50,सामान,aloo-bhujia.jpg
kirana,किराना,बर्तन साबुन,Bartan Bar (Dishwash),1 piece,27,सामान,bartan-bar-dishwash.jpg
kirana,किराना,बासमती चावल,Basmati Chawal,1 kg,120,सामान,basmati-chawal.jpg
kirana,किराना,बेसन,Besan (Gram Flour),500 g,58,सामान,besan-gram-flour.jpg
kirana,किराना,चाय पत्ती,Chai Patti (Tea),250 g,128,सामान,chai-patti-tea.jpg
kirana,किराना,चना दाल,Chana Dal,1 kg,95,सामान,chana-dal.jpg
kirana,किराना,चावल,Chawal (Rice) Sona Masoori,5 kg,290,सामान,chawal-rice-sona-masoori.jpg
kirana,किराना,चीनी,Cheeni (Sugar),1 kg,44,सामान,cheeni-sugar.jpg
kirana,किराना,चिप्स,Chips,1 pack,20,सामान,chips.jpg
kirana,किराना,कॉफ़ी,Coffee Sachet,10 pack,45,सामान,coffee-sachet.jpg
kirana,किराना,दही,Dahi (Curd),500 g,36,सामान,dahi-curd.jpg
kirana,किराना,देसी घी,Desi Ghee,1 l,610,सामान,desi-ghee.jpg
kirana,किराना,धनिया पाउडर,Dhaniya Powder (Coriander),200 g,44,सामान,dhaniya-powder-coriander.jpg
kirana,किराना,दूध,Doodh (Milk),1 l,56,सामान,doodh-milk.jpg
kirana,किराना,गरम मसाला,Garam Masala,100 g,68,सामान,garam-masala.jpg
kirana,किराना,गेहूं का आटा,Gehun Atta (Wheat Flour),10 kg,385,सामान,gehun-atta-wheat-flour.jpg
kirana,किराना,गुड़,Gud (Jaggery),1 kg,60,सामान,gud-jaggery.jpg
kirana,किराना,हल्दी पाउडर,Haldi Powder (Turmeric),200 g,52,सामान,haldi-powder-turmeric.jpg
kirana,किराना,कपड़े धोने का पाउडर,Kapde Dhone ka Powder,1 kg,108,सामान,kapde-dhone-ka-powder.jpg
kirana,किराना,लाल मिर्च पाउडर,Lal Mirch Powder (Red Chilli),200 g,62,सामान,lal-mirch-powder-red-chilli.jpg
kirana,किराना,मक्खन,Makhan (Butter),100 g,57,सामान,makhan-butter.jpg
kirana,किराना,मैरी बिस्किट,Marie Biscuit,1 pack,28,सामान,marie-biscuit.jpg
kirana,किराना,मसूर दाल,Masoor Dal,1 kg,105,सामान,masoor-dal.jpg
kirana,किराना,मिश्री,Misri (Rock Sugar),250 g,40,सामान,misri-rock-sugar.jpg
kirana,किराना,नमकीन मिक्सचर,Mixture Namkeen,200 g,45,सामान,mixture-namkeen.jpg
kirana,किराना,मूंग दाल,Moong Dal,1 kg,135,सामान,moong-dal.jpg
kirana,किराना,नहाने का साबुन,Nahane ka Sabun (Bath Soap),4 pack,145,सामान,nahane-ka-sabun-bath-soap.jpg
kirana,किराना,नमक,Namak (Iodised Salt),1 kg,25,सामान,namak-iodised-salt.jpg
kirana,किराना,पनीर,Paneer,250 g,90,सामान,paneer.jpg
kirana,किराना,पारले-जी बिस्किट,Parle-G Biscuit,1 pack,10,सामान,parle-g-biscuit.jpg
kirana,किराना,फिनाइल,Phenyl (Floor Cleaner),1 l,80,सामान,phenyl-floor-cleaner.jpg
kirana,किराना,रिफाइंड तेल,Refined Oil (Soyabean),1 l,138,सामान,refined-oil-soyabean.jpg
kirana,किराना,रस्क,Rusk (Toast),300 g,40,सामान,rusk-toast.jpg
kirana,किराना,सरसों का तेल,Sarson Tel (Mustard Oil),1 l,170,सामान,sarson-tel-mustard-oil.jpg
kirana,किराना,शैम्पू,Shampoo Sachet,16 pack,30,सामान,shampoo-sachet.jpg
kirana,किराना,सूजी,Sooji (Semolina),500 g,30,सामान,sooji-semolina.jpg
kirana,किराना,टेस्ट सामान,Test Item,1 kg,80,सामान,test-item-1-kg.jpg
kirana,किराना,टूथपेस्ट,Toothpaste,150 g,98,सामान,toothpaste.jpg
mithai,मिठाई,बालूशाही (250 ग्राम),Balushahi (250 g),250 g,80,सामान,balushahi-250-g.jpg
mithai,मिठाई,बेसन के लड्डू,Besan Laddoo,250 g,90,सामान,besan-laddoo.jpg
mithai,मिठाई,भुजिया (250 ग्राम),Bhujia (250 g),250 g,60,सामान,bhujia-250-g.jpg
mithai,मिठाई,दालमोठ (250 ग्राम),Dalmoth (250 g),250 g,70,सामान,dalmoth-250-g.jpg
mithai,मिठाई,गुझिया (250 ग्राम),Gujiya (250 g),250 g,100,सामान,gujiya-250-g.jpg
mithai,मिठाई,गुलाब जामुन,Gulab Jamun,500 g,120,सामान,gulab-jamun.jpg
mithai,मिठाई,इमरती,Imarti,250 g,60,सामान,imarti.jpg
mithai,मिठाई,जलेबी,Jalebi,250 g,60,सामान,jalebi.jpg
mithai,मिठाई,काजू बर्फ़ी,Kaju Barfi,250 g,230,सामान,kaju-barfi.jpg
mithai,मिठाई,काजू रोल (250 ग्राम),Kaju Roll (250 g),250 g,240,सामान,kaju-roll-250-g.jpg
mithai,मिठाई,खोया पेड़ा,Khoya Peda,250 g,110,सामान,khoya-peda.jpg
mithai,मिठाई,मिल्क केक (250 ग्राम),Milk Cake (250 g),250 g,120,सामान,milk-cake-250-g.jpg
mithai,मिठाई,मोतीचूर लड्डू (500 ग्राम),Motichoor Laddoo (500 g),500 g,200,सामान,motichoor-laddoo-500-g.jpg
mithai,मिठाई,नमकीन मिक्सचर (250 ग्राम),Namkeen Mixture (250 g),250 g,60,सामान,namkeen-mixture-250-g.jpg
mithai,मिठाई,पेठा (500 ग्राम),Petha (500 g),500 g,110,सामान,petha-500-g.jpg
mithai,मिठाई,रसगुल्ला,Rasgulla,500 g,120,सामान,rasgulla.jpg
mithai,मिठाई,रसमलाई (500 ग्राम),Rasmalai (500 g),500 g,240,सामान,rasmalai-500-g.jpg
mithai,मिठाई,सोन पापड़ी,Soan Papdi,250 g,70,सामान,soan-papdi.jpg
fast-food,फ़ास्ट फ़ूड,आलू टिक्की चाट,Aloo Tikki Chaat,1 plate,30,सामान,aloo-tikki-chaat.jpg
fast-food,फ़ास्ट फ़ूड,ब्रेड पकौड़ा,Bread Pakoda,1 piece,15,सामान,bread-pakoda.jpg
fast-food,फ़ास्ट फ़ूड,चाय,Chai (cutting),1 cup,10,सामान,chai-cutting.jpg
fast-food,फ़ास्ट फ़ूड,छोले-भटूरे,Chole Bhature,1 plate,60,सामान,chole-bhature.jpg
fast-food,फ़ास्ट फ़ूड,कॉफ़ी,Coffee,1 cup,20,सामान,coffee.jpg
fast-food,फ़ास्ट फ़ूड,दही-भल्ला,Dahi Bhalla,1 plate,40,सामान,dahi-bhalla.jpg
fast-food,फ़ास्ट फ़ूड,एग रोल,Egg Roll,1 piece,55,सामान,egg-roll.jpg
fast-food,फ़ास्ट फ़ूड,फ्रेंच फ्राइज़,French Fries,1 plate,60,सामान,french-fries.jpg
fast-food,फ़ास्ट फ़ूड,गोलगप्पे / पानी पूरी (6 नग),Golgappe / Pani Puri (6 pcs),1 plate,25,सामान,golgappe-pani-puri-6-pcs.jpg
fast-food,फ़ास्ट फ़ूड,इडली-सांभर,Idli Sambhar,1 plate,50,सामान,idli-sambhar.jpg
fast-food,फ़ास्ट फ़ूड,कचौड़ी (2 पीस),Kachori (2 pcs),1 plate,25,सामान,kachori-2-pcs.jpg
fast-food,फ़ास्ट फ़ूड,मसाला डोसा,Masala Dosa,1 plate,70,सामान,masala-dosa.jpg
fast-food,फ़ास्ट फ़ूड,मिक्स पकौड़े,Mixed Pakode,250 g,50,सामान,mixed-pakode.jpg
fast-food,फ़ास्ट फ़ूड,पनीर पकौड़ा,Paneer Pakoda,250 g,90,सामान,paneer-pakoda.jpg
fast-food,फ़ास्ट फ़ूड,पाव भाजी,Pav Bhaji,1 plate,60,सामान,pav-bhaji.jpg
fast-food,फ़ास्ट फ़ूड,समोसा (2 पीस),Samosa (2 pcs),1 plate,20,सामान,samosa-2-pcs.jpg
fast-food,फ़ास्ट फ़ूड,वेज बर्गर,Veg Burger,1 piece,40,सामान,veg-burger.jpg
fast-food,फ़ास्ट फ़ूड,चाउमीन,Veg Chowmein,1 plate,40,सामान,veg-chowmein.jpg
fast-food,फ़ास्ट फ़ूड,वेज मोमोज़,Veg Momos,1 plate,50,सामान,veg-momos.jpg
fast-food,फ़ास्ट फ़ूड,वेज रोल,Veg Roll,1 piece,45,सामान,veg-roll.jpg
fast-food,फ़ास्ट फ़ूड,वेज सैंडविच,Veg Sandwich,1 piece,40,सामान,veg-sandwich.jpg
dawai,दवाइयाँ,मास्क (10 नग),3-ply Face Mask (10 pcs),1 pack,50,सामान,3-ply-face-mask-10-pcs.jpg
dawai,दवाइयाँ,पेट के कीड़े की दवा — एल्बेंडाज़ोल 400 (1 गोली),Albendazole 400 mg (1 tablet),1 strip,20,सामान,albendazole-400-mg-1-tablet.jpg
dawai,दवाइयाँ,एम्लोडिपिन 5 — बीपी की गोली (15 गोली),Amlodipine 5 mg (15 tablets),1 strip,35,सामान,amlodipine-5-mg-15-tablets.jpg
dawai,दवाइयाँ,एमोक्सिसिलिन 500,Amoxicillin 500 (Rx),10 pack,90,सामान,amoxicillin-500-rx.jpg
dawai,दवाइयाँ,एमोक्सिसिलिन 500 (10 कैप्सूल),Amoxicillin 500 mg (10 capsules),1 strip,110,सामान,amoxicillin-500-mg-10-capsules.jpg
dawai,दवाइयाँ,एसिडिटी / पेट दर्द की गोली (10 गोली),Antacid Tablets (10 tablets),1 strip,28,सामान,antacid-tablets-10-tablets.jpg
dawai,दवाइयाँ,खुजली / फंगल क्रीम (15 ग्राम),Anti-fungal Cream 15 g,15 g,85,सामान,anti-fungal-cream-15-g.jpg
dawai,दवाइयाँ,गैस की दवा — सिरप (170 मि.ली.),Antiflatulent Syrup 170 ml,170 ml,150,सामान,antiflatulent-syrup-170-ml.jpg
dawai,दवाइयाँ,एंटीसेप्टिक लिक्विड,Antiseptic Liquid,125 ml,60,सामान,antiseptic-liquid.jpg
dawai,दवाइयाँ,एंटीसेप्टिक लिक्विड (500 मि.ली.),Antiseptic Liquid 500 ml,500 ml,175,सामान,antiseptic-liquid-500-ml.jpg
dawai,दवाइयाँ,एज़िथ्रोमाइसिन 500 (3 गोली),Azithromycin 500 mg (3 tablets),1 strip,80,सामान,azithromycin-500-mg-3-tablets.jpg
dawai,दवाइयाँ,"पट्टी, रुई व गॉज़ सेट","Bandage, Cotton and Gauze Set",1 set,100,सामान,bandage-cotton-and-gauze-set.jpg
dawai,दवाइयाँ,शुगर टेस्ट स्ट्रिप (25 नग),Blood Sugar Test Strips (25),1 pack,550,सामान,blood-sugar-test-strips-25.jpg
dawai,दवाइयाँ,कैल्शियम की गोली (30 गोली),Calcium Tablets (30 tablets),1 pack,160,सामान,calcium-tablets-30-tablets.jpg
dawai,दवाइयाँ,"सेटिरिज़िन 10 (एंटी-एलर्जिक, 10 गोली)",Cetirizine 10 mg (10 tablets),1 strip,30,सामान,cetirizine-10-mg-10-tablets.jpg
dawai,दवाइयाँ,सर्दी-ज़ुकाम की गोली (10 गोली),Cold and Cough Tablets (10 tablets),1 strip,40,सामान,cold-and-cough-tablets-10-tablets.jpg
dawai,दवाइयाँ,खाँसी का सिरप (100 मि.ली.),Cough Syrup 100 ml,100 ml,110,सामान,cough-syrup-100-ml.jpg
dawai,दवाइयाँ,पट्टी (बैंडेज),Crepe Bandage,1 piece,55,सामान,crepe-bandage.jpg
dawai,दवाइयाँ,डाइक्लोफेनाक जेल (30 ग्राम),Diclofenac Gel 30 g,30 g,110,सामान,diclofenac-gel-30-g.jpg
dawai,दवाइयाँ,डिजिटल बीपी मशीन,Digital BP Machine,1 piece,1600,सामान,digital-bp-machine.jpg
dawai,दवाइयाँ,डिजिटल थर्मामीटर,Digital Thermometer,1 piece,150,सामान,digital-thermometer.jpg
dawai,दवाइयाँ,कान के ड्रॉप (10 मि.ली.),Ear Drops 10 ml,10 ml,85,सामान,ear-drops-10-ml.jpg
dawai,दवाइयाँ,ग्लूकोज़ पाउडर (500 ग्राम),Glucose Powder 500 g,500 g,100,सामान,glucose-powder-500-g.jpg
dawai,दवाइयाँ,सैनिटाइज़र (100 मि.ली.),Hand Sanitizer 100 ml,100 ml,50,सामान,hand-sanitizer-100-ml.jpg
dawai,दवाइयाँ,आयरन व फोलिक एसिड की गोली (30 गोली),Iron and Folic Acid Tablets (30 tablets),1 pack,130,सामान,iron-and-folic-acid-tablets-30-tablets.jpg
dawai,दवाइयाँ,"आँख के ड्रॉप (जलन-सूखापन, 10 मि.ली.)",Lubricant Eye Drops 10 ml,10 ml,80,सामान,lubricant-eye-drops-10-ml.jpg
dawai,दवाइयाँ,मेटफॉर्मिन 500 — शुगर की गोली (15 गोली),Metformin 500 mg (15 tablets),1 strip,35,सामान,metformin-500-mg-15-tablets.jpg
dawai,दवाइयाँ,मल्टीविटामिन की गोली (30 गोली),Multivitamin Tablets (30 tablets),1 pack,180,सामान,multivitamin-tablets-30-tablets.jpg
dawai,दवाइयाँ,ओआरएस घोल,ORS Powder,1 pack,20,सामान,ors-powder.jpg
dawai,दवाइयाँ,ORS घोल (5 पैकेट),ORS Sachet (5 packets),1 pack,90,सामान,ors-sachet-5-packets.jpg
dawai,दवाइयाँ,दर्द निवारक बाम (25 ग्राम),Pain Relief Balm 25 g,25 g,80,सामान,pain-relief-balm-25-g.jpg
dawai,दवाइयाँ,पैंटोप्राज़ोल 40 (15 गोली),Pantoprazole 40 mg (15 tablets),1 strip,80,सामान,pantoprazole-40-mg-15-tablets.jpg
dawai,दवाइयाँ,पैरासिटामोल 500 (10 गोली),Paracetamol 500 mg (10 tablets),1 strip,22,सामान,paracetamol-500-mg-10-tablets.jpg
dawai,दवाइयाँ,पोविडोन-आयोडीन मरहम (20 ग्राम),Povidone-Iodine Ointment 20 g,20 g,100,सामान,povidone-iodine-ointment-20-g.jpg
dawai,दवाइयाँ,प्रेगनेंसी टेस्ट किट,Pregnancy Test Kit,1 piece,90,सामान,pregnancy-test-kit.jpg
dawai,दवाइयाँ,इनहेलर (साल्बुटामोल),Salbutamol Inhaler,1 piece,230,सामान,salbutamol-inhaler.jpg
dawai,दवाइयाँ,सैनिटरी पैड XL (8 नग),Sanitary Pads XL (8 pcs),1 pack,60,सामान,sanitary-pads-xl-8-pcs.jpg
dawai,दवाइयाँ,दस्त के लिए ज़िंक की गोली (14 गोली),Zinc Tablets for Diarrhoea (14 tablets),1 strip,35,सामान,zinc-tablets-for-diarrhoea-14-tablets.jpg
beauty,सौंदर्य व देखभाल,बिंदी पैकेट,Bindi Packet,1 pack,20,सामान,bindi-packet.jpg
beauty,सौंदर्य व देखभाल,नारियल का तेल (बालों के लिए),Coconut Hair Oil,200 ml,90,सामान,coconut-hair-oil.jpg
beauty,सौंदर्य व देखभाल,कोल्ड क्रीम,Cold Cream,100 ml,120,सामान,cold-cream.jpg
beauty,सौंदर्य व देखभाल,कंघी,Comb,1 piece,25,सामान,comb.jpg
beauty,सौंदर्य व देखभाल,काजल,Kajal,1 piece,80,सामान,kajal.jpg
beauty,सौंदर्य व देखभाल,मेहंदी कोन (4 का पैक),Mehendi Cone (pack of 4),1 pack,50,सामान,mehendi-cone-pack-of-4.jpg
beauty,सौंदर्य व देखभाल,शेविंग क्रीम,Shaving Cream,70 g,70,सामान,shaving-cream.jpg
beauty,सौंदर्य व देखभाल,सिंदूर,Sindoor,1 piece,30,सामान,sindoor.jpg
beauty,सौंदर्य व देखभाल,टैल्कम पाउडर,Talcum Powder,100 g,110,सामान,talcum-powder.jpg
beej-bhandar,खाद-बीज भंडार,अरहर बीज (5 किलो),Arhar (Tur) Seed 5 kg,1 bag,650,सामान,arhar-tur-seed-5-kg.jpg
beej-bhandar,खाद-बीज भंडार,बरसीम (चारा) बीज (5 किलो),Berseem Fodder Seed 5 kg,1 bag,850,सामान,berseem-fodder-seed-5-kg.jpg
beej-bhandar,खाद-बीज भंडार,भिंडी बीज पैकेट,Bhindi (Okra) Seed Packet,1 pack,40,सामान,bhindi-okra-seed-packet.jpg
beej-bhandar,खाद-बीज भंडार,मिर्च बीज पैकेट,Chilli Seed Packet,1 pack,50,सामान,chilli-seed-packet.jpg
beej-bhandar,खाद-बीज भंडार,धनिया बीज पैकेट,Coriander Seed Packet,1 pack,30,सामान,coriander-seed-packet.jpg
beej-bhandar,खाद-बीज भंडार,डीएपी (50 किलो बोरी),DAP 50 kg Bag,1 bag,1350,सामान,dap-50-kg-bag.jpg
beej-bhandar,खाद-बीज भंडार,मेथी बीज पैकेट,Fenugreek (Methi) Seed Packet,1 pack,30,सामान,fenugreek-methi-seed-packet.jpg
beej-bhandar,खाद-बीज भंडार,फफूंदनाशक (250 ग्राम),Fungicide 250 g,250 g,350,सामान,fungicide-250-g.jpg
beej-bhandar,खाद-बीज भंडार,चना बीज (20 किलो),Gram (Chana) Seed 20 kg,1 bag,1700,सामान,gram-chana-seed-20-kg.jpg
beej-bhandar,खाद-बीज भंडार,उन्नत गेहूँ बीज (40 किलो),Improved Wheat Seed 40 kg,1 bag,1500,सामान,improved-wheat-seed-40-kg.jpg
beej-bhandar,खाद-बीज भंडार,कीटनाशक (250 मि.ली.),Insecticide 250 ml,250 ml,300,सामान,insecticide-250-ml.jpg
beej-bhandar,खाद-बीज भंडार,कद्दू बीज पैकेट,Kaddu (Pumpkin) Seed Packet,1 pack,40,सामान,kaddu-pumpkin-seed-packet.jpg
beej-bhandar,खाद-बीज भंडार,करेला बीज पैकेट,Karela (Bitter Gourd) Seed Packet,1 pack,50,सामान,karela-bitter-gourd-seed-packet.jpg
beej-bhandar,खाद-बीज भंडार,लौकी बीज पैकेट,Lauki (Bottle Gourd) Seed Packet,1 pack,40,सामान,lauki-bottle-gourd-seed-packet.jpg
beej-bhandar,खाद-बीज भंडार,मक्का बीज (5 किलो),Maize Seed 5 kg,1 bag,850,सामान,maize-seed-5-kg.jpg
beej-bhandar,खाद-बीज भंडार,सरसों बीज (1 किलो),Mustard Seed 1 kg,1 kg,180,सामान,mustard-seed-1-kg.jpg
beej-bhandar,खाद-बीज भंडार,नीम खली (40 किलो),Neem Khali 40 kg,1 bag,850,सामान,neem-khali-40-kg.jpg
beej-bhandar,खाद-बीज भंडार,एनपीके 12:32:16 (50 किलो),NPK 12:32:16 (50 kg),1 bag,1550,सामान,npk-12-32-16-50-kg.jpg
beej-bhandar,खाद-बीज भंडार,प्याज़ बीज (250 ग्राम),Onion Seed 250 g,250 g,450,सामान,onion-seed-250-g.jpg
beej-bhandar,खाद-बीज भंडार,धान बीज (10 किलो),Paddy Seed 10 kg,1 bag,650,सामान,paddy-seed-10-kg.jpg
beej-bhandar,खाद-बीज भंडार,मटर बीज (20 किलो),Pea (Matar) Seed 20 kg,1 bag,1800,सामान,pea-matar-seed-20-kg.jpg
beej-bhandar,खाद-बीज भंडार,पोटाश MOP (50 किलो बोरी),Potash (MOP) 50 kg Bag,1 bag,1700,सामान,potash-mop-50-kg-bag.jpg
beej-bhandar,खाद-बीज भंडार,आलू बीज (50 किलो),Potato Seed 50 kg,1 bag,1400,सामान,potato-seed-50-kg.jpg
beej-bhandar,खाद-बीज भंडार,सिंगल सुपर फॉस्फेट (50 किलो),Single Super Phosphate 50 kg,1 bag,550,सामान,single-super-phosphate-50-kg.jpg
beej-bhandar,खाद-बीज भंडार,सल्फर डस्ट (5 किलो),Sulphur Dust 5 kg,5 kg,250,सामान,sulphur-dust-5-kg.jpg
beej-bhandar,खाद-बीज भंडार,टमाटर बीज पैकेट,Tomato Seed Packet,1 pack,50,सामान,tomato-seed-packet.jpg
beej-bhandar,खाद-बीज भंडार,तरोई बीज पैकेट,Torai (Ridge Gourd) Seed Packet,1 pack,40,सामान,torai-ridge-gourd-seed-packet.jpg
beej-bhandar,खाद-बीज भंडार,यूरिया (45 किलो बोरी),Urea 45 kg Bag,1 bag,275,सामान,urea-45-kg-bag.jpg
beej-bhandar,खाद-बीज भंडार,वर्मी / गोबर कम्पोस्ट (40 किलो),Vermi / Gobar Compost 40 kg,1 bag,300,सामान,vermi-gobar-compost-40-kg.jpg
beej-bhandar,खाद-बीज भंडार,खरपतवारनाशक (500 मि.ली.),Weedicide 500 ml,500 ml,400,सामान,weedicide-500-ml.jpg
beej-bhandar,खाद-बीज भंडार,जिंक सल्फेट (5 किलो),Zinc Sulphate 5 kg,5 kg,400,सामान,zinc-sulphate-5-kg.jpg
bhada-gadi,भाड़ा गाड़ी,के.डी. यादव — 4 पहिया (बुकिंग),4-Wheeler - K.D. Yadav,1 visit,0,सेवा,4-wheeler-k-d-yadav.jpg
bhada-gadi,भाड़ा गाड़ी,अखिलेश यादव — बोलेरो / 4 पहिया (बुकिंग),Bolero / 4-Wheeler - Akhilesh Yadav,1 visit,0,सेवा,bolero-4-wheeler-akhilesh-yadav.jpg
bhada-gadi,भाड़ा गाड़ी,कार / बोलेरो (एक दिन),Car / Bolero (per day),1 visit,0,सेवा,car-bolero-per-day.jpg
bhada-gadi,भाड़ा गाड़ी,मुन्ना — ई-रिक्शा,E-Rickshaw - Munna,1 visit,0,सेवा,e-rickshaw-munna.jpg
bhada-gadi,भाड़ा गाड़ी,रिंकू — ई-रिक्शा,E-Rickshaw - Rinku,1 visit,0,सेवा,e-rickshaw-rinku.jpg
bhada-gadi,भाड़ा गाड़ी,ई-रिक्शा बुकिंग,E-Rickshaw Booking,1 visit,0,सेवा,e-rickshaw-booking.jpg
bhada-gadi,भाड़ा गाड़ी,जेसीबी (प्रति घंटा),JCB (per hour),1 visit,0,सेवा,jcb-per-hour.jpg
bhada-gadi,भाड़ा गाड़ी,राहुल — बाइक (एक दिन),Motorcycle for a Day - Rahul,1 visit,500,सेवा,motorcycle-for-a-day-rahul.jpg
bhada-gadi,भाड़ा गाड़ी,विकास — बाइक (एक दिन),Motorcycle for a Day - Vikas,1 visit,500,सेवा,motorcycle-for-a-day-vikas.jpg
bhada-gadi,भाड़ा गाड़ी,पिकअप / छोटा हाथी (एक फेरा),Pickup / Chhota Hathi (per trip),1 visit,0,सेवा,pickup-chhota-hathi-per-trip.jpg
bhada-gadi,भाड़ा गाड़ी,सोनू राइस मिल — धान कुटाई / धराई,Rice Milling - Sonu Rice Mill,1 visit,0,सेवा,rice-milling-sonu-rice-mill.jpg
bhada-gadi,भाड़ा गाड़ी,सोनू ट्रैक्टर — खेत जुताई (प्रति घंटा),Tractor Ploughing per Hour - Sonu,1 visit,0,सेवा,tractor-ploughing-per-hour-sonu.jpg
bhada-gadi,भाड़ा गाड़ी,ट्रैक्टर-ट्रॉली (एक फेरा),Tractor Trolley (per trip),1 visit,0,सेवा,tractor-trolley-per-trip.jpg
bhada-gadi,भाड़ा गाड़ी,गेहूँ मड़ाई — थ्रेशर (प्रति घंटा),Wheat Threshing per Hour,1 visit,0,सेवा,wheat-threshing-per-hour.jpg
birthday,जन्मदिन,गुब्बारे (50 का पैक),Balloons (pack of 50),1 pack,99,सामान,balloons-pack-of-50.jpg
birthday,जन्मदिन,जन्मदिन की मोमबत्ती (10 नग),Birthday Candles (10 pcs),1 pack,30,सामान,birthday-candles-10-pcs.jpg
birthday,जन्मदिन,जन्मदिन की पट्टी (सैश),Birthday Sash,1 piece,99,सामान,birthday-sash.jpg
birthday,जन्मदिन,केक चाकू व बेस सेट,Cake Knife and Base Set,1 set,70,सामान,cake-knife-and-base-set.jpg
birthday,जन्मदिन,केक टॉपर,Cake Topper,1 piece,60,सामान,cake-topper.jpg
birthday,जन्मदिन,चॉकलेट केक 1 किलो,Chocolate Cake 1 kg,1 kg,650,सामान,chocolate-cake-1-kg.jpg
birthday,जन्मदिन,सजावट की लड़ी लाइट (10 मीटर),Decoration Light String (10 m),1 piece,199,सामान,decoration-light-string-10-m.jpg
birthday,जन्मदिन,फ़ॉइल बैलून — Happy Birthday,Foil Balloon - Happy Birthday,1 set,199,सामान,foil-balloon-happy-birthday.jpg
birthday,जन्मदिन,गिफ़्ट रैपिंग पेपर (5 शीट),Gift Wrapping Paper (5 sheets),1 pack,50,सामान,gift-wrapping-paper-5-sheets.jpg
birthday,जन्मदिन,शुभकामना कार्ड,Greeting Card,1 piece,40,सामान,greeting-card.jpg
birthday,जन्मदिन,Happy Birthday बैनर,Happy Birthday Banner,1 piece,60,सामान,happy-birthday-banner.jpg
birthday,जन्मदिन,नंबर वाली मोमबत्ती (0-9),Number Candle (0-9),1 piece,40,सामान,number-candle-0-9.jpg
birthday,जन्मदिन,पेपर प्लेट व गिलास (25-25),Paper Plates and Glasses (25 each),1 pack,120,सामान,paper-plates-and-glasses-25-each.jpg
birthday,जन्मदिन,पार्टी सीटी / ब्लोअर (10 नग),Party Blowers (10 pcs),1 pack,70,सामान,party-blowers-10-pcs.jpg
birthday,जन्मदिन,पार्टी टोपी (10 नग),Party Caps (10 pcs),1 pack,60,सामान,party-caps-10-pcs.jpg
birthday,जन्मदिन,पार्टी पॉपर (5 नग),Party Popper (5 pcs),1 pack,99,सामान,party-popper-5-pcs.jpg
birthday,जन्मदिन,पाइनएप्पल केक 1 किलो,Pineapple Cake 1 kg,1 kg,600,सामान,pineapple-cake-1-kg.jpg
birthday,जन्मदिन,रिटर्न गिफ़्ट पैक (10 नग),Return Gift Pack (10 pcs),1 pack,450,सामान,return-gift-pack-10-pcs.jpg
birthday,जन्मदिन,रिबन व बो सेट,Ribbon and Bow Set,1 set,55,सामान,ribbon-and-bow-set.jpg
birthday,जन्मदिन,वनीला केक 500 ग्राम,Vanilla Cake 500 g,500 g,350,सामान,vanilla-cake-500-g.jpg
body-checkup,बॉडी चेकअप,पेट का अल्ट्रासाउंड,Abdomen Ultrasound,1 visit,800,सेवा,abdomen-ultrasound.jpg
body-checkup,बॉडी चेकअप,शुगर जाँच (फ़ास्टिंग + PP),Blood Sugar - Fasting and PP,1 visit,150,सेवा,blood-sugar-fasting-and-pp.jpg
body-checkup,बॉडी चेकअप,घर पर शुगर जाँच,Blood Sugar Test at Home,1 visit,100,सेवा,blood-sugar-test-at-home.jpg
body-checkup,बॉडी चेकअप,खून की जाँच (CBC) — सैंपल घर से,Blood Test (CBC) Sample Pickup,1 visit,300,सेवा,blood-test-cbc-sample-pickup.jpg
body-checkup,बॉडी चेकअप,घर पर बीपी जाँच,BP Check at Home,1 visit,50,सेवा,bp-check-at-home.jpg
body-checkup,बॉडी चेकअप,खून की पूरी जाँच (CBC + ESR),CBC with ESR,1 visit,350,सेवा,cbc-with-esr.jpg
body-checkup,बॉडी चेकअप,छाती का एक्स-रे,Chest X-Ray,1 visit,350,सेवा,chest-x-ray.jpg
body-checkup,बॉडी चेकअप,डेंगू जाँच (NS1 + IgM),Dengue Test (NS1 + IgM),1 visit,800,सेवा,dengue-test-ns1-igm.jpg
body-checkup,बॉडी चेकअप,पूरे शरीर की जाँच — सैंपल घर से,Full Body Check-up Sample Pickup,1 visit,999,सेवा,full-body-check-up-sample-pickup.jpg
body-checkup,बॉडी चेकअप,फुल बॉडी पैकेज (60+ जाँच),Full Body Package (60+ tests),1 visit,1999,सेवा,full-body-package-60-tests.jpg
body-checkup,बॉडी चेकअप,हीमोग्लोबिन (Hb) जाँच,Haemoglobin (Hb) Test,1 visit,120,सेवा,haemoglobin-hb-test.jpg
body-checkup,बॉडी चेकअप,हाथ या पैर का एक्स-रे,Hand / Leg X-Ray,1 visit,350,सेवा,hand-leg-x-ray.jpg
body-checkup,बॉडी चेकअप,HbA1c (3 महीने की शुगर),HbA1c - 3 Month Sugar,1 visit,600,सेवा,hba1c-3-month-sugar.jpg
body-checkup,बॉडी चेकअप,किडनी की जाँच (KFT),Kidney Function Test (KFT),1 visit,800,सेवा,kidney-function-test-kft.jpg
body-checkup,बॉडी चेकअप,KUB / किडनी का अल्ट्रासाउंड,KUB / Kidney Ultrasound,1 visit,900,सेवा,kub-kidney-ultrasound.jpg
body-checkup,बॉडी चेकअप,लिपिड प्रोफ़ाइल (कोलेस्ट्रॉल),Lipid Profile,1 visit,700,सेवा,lipid-profile.jpg
body-checkup,बॉडी चेकअप,लिवर की जाँच (LFT),Liver Function Test (LFT),1 visit,800,सेवा,liver-function-test-lft.jpg
body-checkup,बॉडी चेकअप,मलेरिया जाँच,Malaria Test,1 visit,250,सेवा,malaria-test.jpg
body-checkup,बॉडी चेकअप,प्रेगनेंसी जाँच (Beta-HCG),Pregnancy Test (Beta-HCG),1 visit,600,सेवा,pregnancy-test-beta-hcg.jpg
body-checkup,बॉडी चेकअप,गर्भावस्था का अल्ट्रासाउंड,Pregnancy Ultrasound,1 visit,900,सेवा,pregnancy-ultrasound.jpg
body-checkup,बॉडी चेकअप,रीढ़ का एक्स-रे,Spine X-Ray,1 visit,500,सेवा,spine-x-ray.jpg
body-checkup,बॉडी चेकअप,"थायरॉइड प्रोफ़ाइल (T3, T4, TSH)",Thyroid Profile - T3 T4 TSH,1 visit,450,सेवा,thyroid-profile-t3-t4-tsh.jpg
body-checkup,बॉडी चेकअप,थायरॉइड जाँच — सैंपल घर से,Thyroid Test Sample Pickup,1 visit,400,सेवा,thyroid-test-sample-pickup.jpg
body-checkup,बॉडी चेकअप,टाइफ़ाइड (विडाल) जाँच,Typhoid (Widal) Test,1 visit,350,सेवा,typhoid-widal-test.jpg
body-checkup,बॉडी चेकअप,यूरिक एसिड जाँच,Uric Acid Test,1 visit,300,सेवा,uric-acid-test.jpg
body-checkup,बॉडी चेकअप,यूरिन रूटीन जाँच,Urine Routine Test,1 visit,250,सेवा,urine-routine-test.jpg
body-checkup,बॉडी चेकअप,विटामिन B12 जाँच,Vitamin B12 Test,1 visit,1100,सेवा,vitamin-b12-test.jpg
body-checkup,बॉडी चेकअप,विटामिन D जाँच,Vitamin D Test,1 visit,1200,सेवा,vitamin-d-test.jpg
building-material,बिल्डिंग मटेरियल,पीतल की टोंटी,Brass Tap,1 piece,250,सामान,brass-tap.jpg
building-material,बिल्डिंग मटेरियल,ईंट (100 नग),Bricks (100 pcs),1 pack,850,सामान,bricks-100-pcs.jpg
building-material,बिल्डिंग मटेरियल,सीमेंट (50 किलो बोरी),Cement 50 kg bag,1 bag,400,सामान,cement-50-kg-bag.jpg
building-material,बिल्डिंग मटेरियल,डिस्टेंपर 10 किलो,Distemper 10 kg,1 bag,950,सामान,distemper-10-kg.jpg
building-material,बिल्डिंग मटेरियल,पीवीसी पाइप 4 इंच (10 फ़ुट),PVC Pipe 4 inch (10 ft),1 piece,650,सामान,pvc-pipe-4-inch-10-ft.jpg
building-material,बिल्डिंग मटेरियल,सरिया (प्रति किलो),TMT Sariya (per kg),1 kg,70,सामान,tmt-sariya-per-kg.jpg
building-material,बिल्डिंग मटेरियल,वॉल पुट्टी 20 किलो,Wall Putty 20 kg,1 bag,700,सामान,wall-putty-20-kg.jpg
doctor,डॉक्टर,डॉक्टर से मिलने का समय (क्लिनिक),Doctor Appointment (Clinic),1 visit,200,सेवा,doctor-appointment-clinic.jpg
doctor,डॉक्टर,डॉक्टर घर पर,Doctor Home Visit,1 visit,400,सेवा,doctor-home-visit.jpg
doctor,डॉक्टर,नर्स घर पर (पट्टी / इंजेक्शन),Nurse Visit (Dressing / Injection),1 visit,150,सेवा,nurse-visit-dressing-injection.jpg
doctor,डॉक्टर,फ़ोन पर डॉक्टर से बात,Phone Consultation,1 visit,150,सेवा,phone-consultation.jpg
doctor-consult,वीडियो पर डॉक्टर,वीडियो पर डॉक्टर — दाँत (डॉ. नीरज गुप्ता),Video Consultation - Dental,1 visit,300,सेवा,video-consultation-dental.jpg
doctor-consult,वीडियो पर डॉक्टर,वीडियो पर डॉक्टर — जनरल फिजिशियन (डॉ. ए. के. सिंह),Video Consultation - General Physician,1 visit,200,सेवा,video-consultation-general-physician.jpg
doctor-consult,वीडियो पर डॉक्टर,वीडियो पर डॉक्टर — स्त्री रोग (डॉ. शालिनी वर्मा),Video Consultation - Gynaecologist,1 visit,500,सेवा,video-consultation-gynaecologist.jpg
doctor-consult,वीडियो पर डॉक्टर,वीडियो पर डॉक्टर — हड्डी (डॉ. आर. एस. यादव),Video Consultation - Orthopaedic,1 visit,500,सेवा,video-consultation-orthopaedic.jpg
doctor-consult,वीडियो पर डॉक्टर,वीडियो पर डॉक्टर — बच्चों के डॉक्टर (डॉ. प्रीति गुप्ता),Video Consultation - Paediatrician,1 visit,300,सेवा,video-consultation-paediatrician.jpg
doctor-consult,वीडियो पर डॉक्टर,वीडियो पर डॉक्टर — चर्म रोग (डॉ. एम. के. पांडेय),Video Consultation - Skin (Dermatologist),1 visit,400,सेवा,video-consultation-skin-dermatologist.jpg
electronics,बिजली का सामान,बैटरी AA (4 का पैक),AA Battery (pack of 4),1 pack,80,सामान,aa-battery-pack-of-4.jpg
electronics,बिजली का सामान,ईयरफ़ोन,Earphones,1 piece,149,सामान,earphones.jpg
electronics,बिजली का सामान,बिजली प्रेस,Electric Iron (Press),1 piece,650,सामान,electric-iron-press.jpg
electronics,बिजली का सामान,एक्सटेंशन बोर्ड (4 सॉकेट),Extension Board (4 socket),1 piece,250,सामान,extension-board-4-socket.jpg
electronics,बिजली का सामान,एलईडी बल्ब 9 वॉट,LED Bulb 9W,1 piece,90,सामान,led-bulb-9w.jpg
electronics,बिजली का सामान,एलईडी ट्यूबलाइट 20 वॉट,LED Tube Light 20W,1 piece,220,सामान,led-tube-light-20w.jpg
electronics,बिजली का सामान,मोबाइल चार्जर (टाइप-C),Mobile Charger (Type-C),1 piece,199,सामान,mobile-charger-type-c.jpg
electronics,बिजली का सामान,चार्ज वाली टॉर्च,Rechargeable Torch,1 piece,250,सामान,rechargeable-torch.jpg
electronics,बिजली का सामान,टेबल पंखा,Table Fan,1 piece,1450,सामान,table-fan.jpg
ghar-sewa,घर की सेवाएँ,आधार/पैन फ़ॉर्म सहायता,Aadhaar / PAN Form Help,1 visit,100,सेवा,aadhaar-pan-form-help.jpg
ghar-sewa,घर की सेवाएँ,बिजली मिस्त्री,Electrician Visit,1 visit,0,सेवा,electrician-visit.jpg
ghar-sewa,घर की सेवाएँ,पंखा मरम्मत,Fan Repair,1 visit,150,सेवा,fan-repair.jpg
ghar-sewa,घर की सेवाएँ,गैस पाइप जाँच,Gas Pipe & Regulator Check,1 visit,99,सेवा,gas-pipe-regulator-check.jpg
ghar-sewa,घर की सेवाएँ,गैस चूल्हा मरम्मत,Gas Stove Repair,1 visit,199,सेवा,gas-stove-repair.jpg
ghar-sewa,घर की सेवाएँ,प्लंबर,Plumber Visit,1 visit,0,सेवा,plumber-visit.jpg
ghar-sewa,घर की सेवाएँ,राशन कार्ड/पेंशन फ़ॉर्म,Ration Card / Pension Form Help,1 visit,100,सेवा,ration-card-pension-form-help.jpg
ghar-sewa,घर की सेवाएँ,आरओ सर्विस,RO / Water Purifier Service,1 visit,349,सेवा,ro-water-purifier-service.jpg
joote-chappal,जूते-चप्पल,गमबूट,Gumboot,1 pair,450,सामान,gumboot.jpg
joote-chappal,जूते-चप्पल,हवाई चप्पल,Hawai Chappal,1 pair,120,सामान,hawai-chappal.jpg
joote-chappal,जूते-चप्पल,पुरुषों की सैंडल,Men's Sandal,1 pair,350,सामान,men-s-sandal.jpg
joote-chappal,जूते-चप्पल,स्कूल के जूते,School Shoes,1 pair,450,सामान,school-shoes.jpg
joote-chappal,जूते-चप्पल,स्पोर्ट्स जूते,Sports Shoes,1 pair,699,सामान,sports-shoes.jpg
joote-chappal,जूते-चप्पल,महिलाओं की सैंडल,Women's Sandal,1 pair,300,सामान,women-s-sandal.jpg
kapde,कपड़े,नहाने का तौलिया,Bath Towel,1 piece,180,सामान,bath-towel.jpg
kapde,कपड़े,सूती गमछा,Cotton Gamchha,1 piece,80,सामान,cotton-gamchha.jpg
kapde,कपड़े,सूती साड़ी,Cotton Saree,1 piece,550,सामान,cotton-saree.jpg
kapde,कपड़े,डबल चादर,Double Bedsheet,1 piece,450,सामान,double-bedsheet.jpg
kapde,कपड़े,लुंगी,Lungi,1 piece,180,सामान,lungi.jpg
kapde,कपड़े,पुरुषों की सूती शर्ट,Men's Cotton Shirt,1 piece,450,सामान,men-s-cotton-shirt.jpg
kapde,कपड़े,बनियान,Men's Vest (Baniyan),1 piece,120,सामान,men-s-vest-baniyan.jpg
kapde,कपड़े,मोज़े (3 जोड़ी),Socks (3 pairs),1 pack,99,सामान,socks-3-pairs.jpg
kapde,कपड़े,लोअर (ट्रैक पैंट),Track Pant,1 piece,299,सामान,track-pant.jpg
kapde,कपड़े,ऊनी शॉल,Woollen Shawl,1 piece,350,सामान,woollen-shawl.jpg
kheti,खेती-किसानी,पाइप 1 इंच (प्रति मीटर),Garden Pipe 1 inch (per metre),1 metre,25,सामान,garden-pipe-1-inch-per-metre.jpg
kheti,खेती-किसानी,गेहूं का बीज,Gehun Beej (Wheat Seed),40 kg,1520,सामान,gehun-beej-wheat-seed.jpg
kheti,खेती-किसानी,हँसिया,Hasiya (Sickle),1 piece,120,सामान,hasiya-sickle.jpg
kheti,खेती-किसानी,बोरी,Jute Bag (Bori),1 piece,30,सामान,jute-bag-bori.jpg
kheti,खेती-किसानी,खुरपी,Khurpi,1 piece,80,सामान,khurpi.jpg
kheti,खेती-किसानी,स्प्रे पंप 16 लीटर,Manual Sprayer Pump 16L,1 piece,1600,सामान,manual-sprayer-pump-16l.jpg
kheti,खेती-किसानी,फावड़ा,Phawda (Spade),1 piece,450,सामान,phawda-spade.jpg
kheti,खेती-किसानी,रस्सी 20 मीटर,Rope 20 metre,1 piece,150,सामान,rope-20-metre.jpg
kheti,खेती-किसानी,तिरपाल 12x15 फ़ुट,Tarpaulin 12x15 ft,1 piece,750,सामान,tarpaulin-12x15-ft.jpg
kheti,खेती-किसानी,केंचुआ खाद,Vermicompost (Organic Khad),5 kg,130,सामान,vermicompost-organic-khad.jpg
pashu-doctor,पशु डॉक्टर (गाय-भैंस),ब्याने (डिलीवरी) में मदद — आपातकालीन — डॉ. अनिल यादव,Calving Help - Emergency (Dr. Anil Yadav),1 visit,0,सेवा,calving-help-emergency-dr-anil-yadav.jpg
pashu-doctor,पशु डॉक्टर (गाय-भैंस),घर पर पशु की जाँच — डॉ. रामकुमार वर्मा,Cattle Check-up at Home (Dr. Ramkumar Verma),1 visit,300,सेवा,cattle-check-up-at-home-dr-ramkumar-verma.jpg
pashu-doctor,पशु डॉक्टर (गाय-भैंस),कृमिनाशक दवा-खुराक — डॉ. अनिल यादव,Deworming Dose (Dr. Anil Yadav),1 visit,200,सेवा,deworming-dose-dr-anil-yadav.jpg
pashu-doctor,पशु डॉक्टर (गाय-भैंस),थनैला का इलाज — डॉ. सुरेश मौर्य,Mastitis (Thanaila) Treatment (Dr. Suresh Maurya),1 visit,350,सेवा,mastitis-thanaila-treatment-dr-suresh-maurya.jpg
pashu-doctor,पशु डॉक्टर (गाय-भैंस),बाँझपन व गर्भ जाँच — डॉ. रामकुमार वर्मा,Pregnancy / Infertility Check (Dr. Ramkumar Verma),1 visit,400,सेवा,pregnancy-infertility-check-dr-ramkumar-verma.jpg
pashu-doctor,पशु डॉक्टर (गाय-भैंस),बीमार पशु का इलाज (दवा सहित) — डॉ. अनिल यादव,Treatment of a Sick Animal (Dr. Anil Yadav),1 visit,0,सेवा,treatment-of-a-sick-animal-dr-anil-yadav.jpg
pashu-doctor,पशु डॉक्टर (गाय-भैंस),टीकाकरण (खुरपका-मुँहपका / गलाघोंटू) — डॉ. सुरेश मौर्य,Vaccination - FMD / HS (Dr. Suresh Maurya),1 visit,250,सेवा,vaccination-fmd-hs-dr-suresh-maurya.jpg
pashu-doctor,पशु डॉक्टर (गाय-भैंस),पशु का सामान्य चेकअप (साल भर में एक बार) — डॉ. रामकुमार वर्मा,Yearly General Check-up (Dr. Ramkumar Verma),1 visit,250,सेवा,yearly-general-check-up-dr-ramkumar-verma.jpg
patakha,पटाखे व दीपावली,अगरबत्ती (2 पैकेट),Agarbatti (2 packs),1 pack,60,सामान,agarbatti-2-packs.jpg
patakha,पटाखे व दीपावली,अनार (5 नग),Anar / Flower Pot (5 pcs),1 pack,180,सामान,anar-flower-pot-5-pcs.jpg
patakha,पटाखे व दीपावली,चकरी (10 नग),Chakri / Ground Spinner (10 pcs),1 pack,100,सामान,chakri-ground-spinner-10-pcs.jpg
patakha,पटाखे व दीपावली,रंगीन स्पार्कलर 30 सेमी (10 नग),Colour Sparkler 30 cm (10 pcs),1 pack,120,सामान,colour-sparkler-30-cm-10-pcs.jpg
patakha,पटाखे व दीपावली,दीपावली मोमबत्ती (10 नग),Diwali Candles (10 pcs),1 pack,50,सामान,diwali-candles-10-pcs.jpg
patakha,पटाखे व दीपावली,फैमिली पैक (मिला-जुला),Family Pack (mixed),1 pack,999,सामान,family-pack-mixed.jpg
patakha,पटाखे व दीपावली,झालर एलईडी लाइट (10 मीटर),Jhalar LED Light (10 m),1 piece,199,सामान,jhalar-led-light-10-m.jpg
patakha,पटाखे व दीपावली,कपूर (50 ग्राम),Kapoor / Camphor (50 g),50 g,80,सामान,kapoor-camphor-50-g.jpg
patakha,पटाखे व दीपावली,खील-बताशा (500 ग्राम),Kheel-Batasha (500 g),500 g,80,सामान,kheel-batasha-500-g.jpg
patakha,पटाखे व दीपावली,लक्ष्मी पूजन सामग्री पैक,Laxmi Pujan Samagri Pack,1 pack,250,सामान,laxmi-pujan-samagri-pack.jpg
patakha,पटाखे व दीपावली,लक्ष्मी-गणेश मूर्ति (जोड़ी),Laxmi-Ganesh Murti (pair),1 set,250,सामान,laxmi-ganesh-murti-pair.jpg
patakha,पटाखे व दीपावली,मिर्ची बम (20 नग),Mirchi Bomb (20 pcs),1 pack,100,सामान,mirchi-bomb-20-pcs.jpg
patakha,पटाखे व दीपावली,मिट्टी के दीये (25 नग),Mitti ke Diye (25 pcs),1 pack,80,सामान,mitti-ke-diye-25-pcs.jpg
patakha,पटाखे व दीपावली,फुलझड़ी (50 नग),Phuljhadi / Sparklers (50 pcs),1 pack,80,सामान,phuljhadi-sparklers-50-pcs.jpg
patakha,पटाखे व दीपावली,पूजा थाली (स्टील),Puja Thali (steel),1 piece,300,सामान,puja-thali-steel.jpg
patakha,पटाखे व दीपावली,रंगोली के रंग (8 रंग),Rangoli Colours (8 colours),1 pack,99,सामान,rangoli-colours-8-colours.jpg
patakha,पटाखे व दीपावली,रस्सी बम / लड़ी (1000 शॉट),Rassi Bomb / Ladi (1000 shots),1 piece,400,सामान,rassi-bomb-ladi-1000-shots.jpg
patakha,पटाखे व दीपावली,रॉकेट (10 नग),Rocket (10 pcs),1 pack,220,सामान,rocket-10-pcs.jpg
patakha,पटाखे व दीपावली,रोली-चावल पैकेट,Roli-Chawal Packet,1 pack,25,सामान,roli-chawal-packet.jpg
patakha,पटाखे व दीपावली,आसमानी शॉट (12 शॉट),Sky Shot (12 shot),1 piece,550,सामान,sky-shot-12-shot.jpg
patakha,पटाखे व दीपावली,सुतली बम (10 नग),Sutli Bomb (10 pcs),1 pack,150,सामान,sutli-bomb-10-pcs.jpg
patakha,पटाखे व दीपावली,तोरण / बंदनवार,Toran / Bandanwar,1 piece,120,सामान,toran-bandanwar.jpg
patakha,पटाखे व दीपावली,ज़मीन चक्कर (10 नग),Zameen Chakkar (10 pcs),1 pack,110,सामान,zameen-chakkar-10-pcs.jpg
